#,Male/Female,Pokémon,HP,Attack,Defense,Sp. Attack,Sp. Defense,Speed,Total,Average
1,,Bulbasaur,45,49,49,65,65,45,318,53
2,,Ivysaur,60,62,63,80,80,60,405,67.5
3,,Venusaur,80,82,83,100,100,80,525,87.5
3,,Venusaur (Mega Venusaur),80,100,123,122,120,80,625,104.17.00
4,,Charmander,39,52,43,60,50,65,309,51.5
5,,Charmeleon,58,64,58,80,65,80,405,67.5
6,,Charizard,78,84,78,109,85,100,534,89
6,,Charizard (Mega Charizard X),78,130,111,130,85,100,634,106.07.00
6,,Charizard (Mega Charizard Y),78,104,78,159,115,100,634,106.07.00
7,,Squirtle,44,48,65,50,64,43,314,52.33.00
8,,Wartortle,59,63,80,65,80,58,405,67.5
9,,Blastoise,79,83,100,85,105,78,530,88.33.00
9,,Blastoise (Mega Blastoise),79,103,120,135,115,78,630,105
10,,Caterpie,45,30,35,20,20,45,195,32.5
11,,Metapod,50,20,55,25,25,30,205,34.17.00
12,,Butterfree,60,45,50,90,80,70,395,66.23.00
13,,Weedle,40,35,30,20,20,50,195,32.5
14,,Kakuna,45,25,50,25,25,35,205,34.17.00
15,,Beedrill,65,90,40,45,80,75,395,66.23.00
15,,Beedrill (Mega Beedrill),65,150,40,15,80,145,495,82.5
16,,Pidgey,40,45,40,35,35,56,251,42.23.00
17,,Pidgeotto,63,60,55,50,50,71,349,58.17.00
18,,Pidgeot,83,80,75,70,70,101,479,80.23.00
18,,Pidgeot (Mega Pidgeot),83,80,80,135,80,121,579,96.5
19,,Rattata,30,56,35,25,35,72,253,42.17.00
19,,Rattata (Alolan Rattata),30,56,35,25,35,72,253,42.17.00
20,,Raticate,55,81,60,50,70,97,413,69.23.00
20,,Raticate (Alolan Raticate),75,71,70,40,80,77,413,69.23.00
21,,Spearow,40,60,30,31,31,70,262,44.07.00
22,,Fearow,65,90,65,61,61,100,442,74.07.00
23,,Ekans,35,60,44,40,54,55,288,48
24,,Arbok,60,95,69,65,79,80,448,75.07.00
25,,Pikachu,35,55,40,50,50,90,320,53.33.00
25,,Pikachu (Partner Pikachu),45,80,50,75,60,120,430,72.07.00
26,,Raichu,60,90,55,90,80,110,485,81.23.00
26,,Raichu (Alolan Raichu),60,85,50,95,85,110,485,81.23.00
27,,Sandshrew,50,75,85,20,30,40,300,50
27,,Sandshrew (Alolan Sandshrew),50,75,90,10,35,40,300,50
28,,Sandslash,75,100,110,45,55,65,450,75
28,,Sandslash (Alolan Sandslash),75,100,120,25,65,65,450,75
29,,Nidoran♀,55,47,52,40,40,41,275,46.23.00
30,,Nidorina,70,62,67,55,55,56,365,61.23.00
31,,Nidoqueen,90,92,87,75,85,76,505,84.17.00
32,,Nidoran♂,46,57,40,40,40,50,273,45.5
33,,Nidorino,61,72,57,55,55,65,365,61.23.00
34,,Nidoking,81,102,77,85,75,85,505,84.17.00
35,,Clefairy,70,45,48,60,65,35,323,54.23.00
36,,Clefable,95,70,73,95,90,60,483,80.5
37,,Vulpix,38,41,40,50,65,65,299,50.23.00
37,,Vulpix (Alolan Vulpix),38,41,40,50,65,65,299,50.23.00
38,,Ninetales,73,76,75,81,100,100,505,84.17.00
38,,Ninetales (Alolan Ninetales),73,67,75,81,100,109,505,84.17.00
39,,Jigglypuff,115,45,20,45,25,20,270,45
40,,Wigglytuff,140,70,45,85,50,45,435,72.5
41,,Zubat,40,45,35,30,40,55,245,41.23.00
42,,Golbat,75,80,70,65,75,90,455,76.23.00
43,,Oddish,45,50,55,75,65,30,320,53.33.00
44,,Gloom,60,65,70,85,75,40,395,66.23.00
45,,Vileplume,75,80,85,110,90,50,490,82.07.00
46,,Paras,35,70,55,45,55,25,285,47.5
47,,Parasect,60,95,80,60,80,30,405,67.5
48,,Venonat,60,55,50,40,55,45,305,51.23.00
49,,Venomoth,70,65,60,90,75,90,450,75
50,,Diglett,10,55,25,35,45,95,265,44.17.00
50,,Diglett (Alolan Diglett),10,55,30,35,45,90,265,44.17.00
51,,Dugtrio,35,100,50,50,70,120,425,71.23.00
51,,Dugtrio (Alolan Dugtrio),35,100,60,50,70,110,425,71.23.00
52,,Meowth,40,45,35,40,40,90,290,48.33.00
52,,Meowth (Alolan Meowth),40,35,35,50,40,90,290,48.33.00
52,,Meowth (Galarian Meowth),50,65,55,40,40,40,290,48.33.00
53,,Persian,65,70,60,65,65,115,440,73.33.00
53,,Persian (Alolan Persian),65,60,60,75,65,115,440,73.33.00
54,,Psyduck,50,52,48,65,50,55,320,53.33.00
55,,Golduck,80,82,78,95,80,85,500,83.33.00
56,,Mankey,40,80,35,35,45,70,305,51.23.00
57,,Primeape,65,105,60,60,70,95,455,76.23.00
58,,Growlithe,55,70,45,70,50,60,350,58.33.00
58,,Growlithe (Hisuian Growlithe),60,75,45,65,50,55,350,58.33.00
59,,Arcanine,90,110,80,100,80,95,555,92.5
59,,Arcanine (Hisuian Arcanine),95,115,80,95,80,90,555,92.5
60,,Poliwag,40,50,40,40,40,90,300,50
61,,Poliwhirl,65,65,65,50,50,90,385,64.17.00
62,,Poliwrath,90,95,95,70,90,70,510,85
63,,Abra,25,20,15,105,55,90,310,52.07.00
64,,Kadabra,40,35,30,120,70,105,400,67.07.00
65,,Alakazam,55,50,45,135,95,120,500,83.33.00
65,,Alakazam (Mega Alakazam),55,50,65,175,105,150,600,100
66,,Machop,70,80,50,35,35,35,305,51.23.00
67,,Machoke,80,100,70,50,60,45,405,67.5
68,,Machamp,90,130,80,65,85,55,505,84.17.00
69,,Bellsprout,50,75,35,70,30,40,300,50
70,,Weepinbell,65,90,50,85,45,55,390,65
71,,Victreebel,80,105,65,100,70,70,490,82.07.00
72,,Tentacool,40,40,35,50,100,70,335,56.23.00
73,,Tentacruel,80,70,65,80,120,100,515,86.23.00
74,,Geodude,40,80,100,30,30,20,300,50
74,,Geodude (Alolan Geodude),40,80,100,30,30,20,300,50
75,,Graveler,55,95,115,45,45,35,390,65
75,,Graveler (Alolan Graveler),55,95,115,45,45,35,390,65
76,,Golem,80,120,130,55,65,45,495,82.5
76,,Golem (Alolan Golem),80,120,130,55,65,45,495,82.5
77,,Ponyta,50,85,55,65,65,90,410,68.33.00
77,,Ponyta (Galarian Ponyta),50,85,55,65,65,90,410,68.33.00
78,,Rapidash,65,100,70,80,80,105,500,83.33.00
78,,Rapidash (Galarian Rapidash),65,100,70,80,80,105,500,83.33.00
79,,Slowpoke,90,65,65,40,40,15,315,52.5
79,,Slowpoke (Galarian Slowpoke),90,65,65,40,40,15,315,52.5
80,,Slowbro,95,75,110,100,80,30,490,82.07.00
80,,Slowbro (Mega Slowbro),95,75,180,130,80,30,590,98.33.00
80,,Slowbro (Galarian Slowbro),95,100,95,100,70,30,490,82.07.00
81,,Magnemite,25,35,70,95,55,45,325,54.17.00
82,,Magneton,50,60,95,120,70,70,465,77.5
83,,Farfetch'd,52,90,55,58,62,60,377,63.23.00
83,,Farfetch'd (Galarian Farfetch'd),52,95,55,58,62,55,377,63.23.00
84,,Doduo,35,85,45,35,35,75,310,52.07.00
85,,Dodrio,60,110,70,60,60,110,470,78.33.00
86,,Seel,65,45,55,45,70,45,325,54.17.00
87,,Dewgong,90,70,80,70,95,70,475,79.17.00
88,,Grimer,80,80,50,40,50,25,325,54.17.00
88,,Grimer (Alolan Grimer),80,80,50,40,50,25,325,54.17.00
89,,Muk,105,105,75,65,100,50,500,83.33.00
89,,Muk (Alolan Muk),105,105,75,65,100,50,500,83.33.00
90,,Shellder,30,65,100,45,25,40,305,51.23.00
91,,Cloyster,50,95,180,85,45,70,525,87.5
92,,Gastly,30,35,30,100,35,80,310,52.07.00
93,,Haunter,45,50,45,115,55,95,405,67.5
94,,Gengar,60,65,60,130,75,110,500,83.33.00
94,,Gengar (Mega Gengar),60,65,80,170,95,130,600,100
95,,Onix,35,45,160,30,45,70,385,64.17.00
96,,Drowzee,60,48,45,43,90,42,328,55.07.00
97,,Hypno,85,73,70,73,115,67,483,80.5
98,,Krabby,30,105,90,25,25,50,325,54.17.00
99,,Kingler,55,130,115,50,50,75,475,79.17.00
100,,Voltorb,40,30,50,55,55,100,330,55
100,,Voltorb (Hisuian Voltorb),40,30,50,55,55,100,330,55
101,,Electrode,60,50,70,80,80,150,490,82.07.00
101,,Electrode (Hisuian Electrode),60,50,70,80,80,150,490,82.07.00
102,,Exeggcute,60,40,80,60,45,40,325,54.17.00
103,,Exeggutor,95,95,85,125,75,55,530,88.33.00
103,,Exeggutor (Alolan Exeggutor),95,105,85,125,75,45,530,88.33.00
104,,Cubone,50,50,95,40,50,35,320,53.33.00
105,,Marowak,60,80,110,50,80,45,425,71.23.00
105,,Marowak (Alolan Marowak),60,80,110,50,80,45,425,71.23.00
106,,Hitmonlee,50,120,53,35,110,87,455,76.23.00
107,,Hitmonchan,50,105,79,35,110,76,455,76.23.00
108,,Lickitung,90,55,75,60,75,30,385,64.17.00
109,,Koffing,40,65,95,60,45,35,340,57.07.00
110,,Weezing,65,90,120,85,70,60,490,82.07.00
110,,Weezing (Galarian Weezing),65,90,120,85,70,60,490,82.07.00
111,,Rhyhorn,80,85,95,30,30,25,345,57.5
112,,Rhydon,105,130,120,45,45,40,485,81.23.00
113,,Chansey,250,5,5,35,105,50,450,75
114,,Tangela,65,55,115,100,40,60,435,72.5
115,,Kangaskhan,105,95,80,40,80,90,490,82.07.00
115,,Kangaskhan (Mega Kangaskhan),105,125,100,60,100,100,590,98.33.00
116,,Horsea,30,40,70,70,25,60,295,49.17.00
117,,Seadra,55,65,95,95,45,85,440,73.33.00
118,,Goldeen,45,67,60,35,50,63,320,53.33.00
119,,Seaking,80,92,65,65,80,68,450,75
120,,Staryu,30,45,55,70,55,85,340,57.07.00
121,,Starmie,60,75,85,100,85,115,520,87.07.00
122,,Mr. Mime,40,45,65,100,120,90,460,77.07.00
122,,Mr. Mime (Galarian Mr. Mime),50,65,65,90,90,100,460,77.07.00
123,,Scyther,70,110,80,55,80,105,500,83.33.00
124,,Jynx,65,50,35,115,95,95,455,76.23.00
125,,Electabuzz,65,83,57,95,85,105,490,82.07.00
126,,Magmar,65,95,57,100,85,93,495,82.5
127,,Pinsir,65,125,100,55,70,85,500,83.33.00
127,,Pinsir (Mega Pinsir),65,155,120,65,90,105,600,100
128,,Tauros,75,100,95,40,70,110,490,82.07.00
128,,Tauros (Paldean Tauros (Combat Breed)),75,110,105,30,70,100,490,82.07.00
128,,Tauros (Paldean Tauros (Blaze Breed)),75,110,105,30,70,100,490,82.07.00
128,,Tauros (Paldean Tauros (Aqua Breed)),75,110,105,30,70,100,490,82.07.00
129,,Magikarp,20,10,55,15,20,80,200,33.33.00
130,,Gyarados,95,125,79,60,100,81,540,90
130,,Gyarados (Mega Gyarados),95,155,109,70,130,81,640,107.07.00
131,,Lapras,130,85,80,85,95,60,535,89.17.00
132,,Ditto,48,48,48,48,48,48,288,48
133,,Eevee,55,55,50,45,65,55,325,54.17.00
133,,Eevee (Partner Eevee),65,75,70,65,85,75,435,72.5
134,,Vaporeon,130,65,60,110,95,65,525,87.5
135,,Jolteon,65,65,60,110,95,130,525,87.5
136,,Flareon,65,130,60,95,110,65,525,87.5
137,,Porygon,65,60,70,85,75,40,395,66.23.00
138,,Omanyte,35,40,100,90,55,35,355,59.17.00
139,,Omastar,70,60,125,115,70,55,495,82.5
140,,Kabuto,30,80,90,55,45,55,355,59.17.00
141,,Kabutops,60,115,105,65,70,80,495,82.5
142,,Aerodactyl,80,105,65,60,75,130,515,86.23.00
142,,Aerodactyl (Mega Aerodactyl),80,135,85,70,95,150,615,102.5
143,,Snorlax,160,110,65,65,110,30,540,90
144,,Articuno,90,85,100,95,125,85,580,97.07.00
144,,Articuno (Galarian Articuno),90,85,85,125,100,95,580,97.07.00
145,,Zapdos,90,90,85,125,90,100,580,97.07.00
145,,Zapdos (Galarian Zapdos),90,125,90,85,90,100,580,97.07.00
146,,Moltres,90,100,90,125,85,90,580,97.07.00
146,,Moltres (Galarian Moltres),90,85,90,100,125,90,580,97.07.00
147,,Dratini,41,64,45,50,50,50,300,50
148,,Dragonair,61,84,65,70,70,70,420,70
149,,Dragonite,91,134,95,100,100,80,600,100
150,,Mewtwo,106,110,90,154,90,130,680,113.33.00
150,,Mewtwo (Mega Mewtwo X),106,190,100,154,100,130,780,130
150,,Mewtwo (Mega Mewtwo Y),106,150,70,194,120,140,780,130
151,,Mew,100,100,100,100,100,100,600,100
152,,Chikorita,45,49,65,49,65,45,318,53
153,,Bayleef,60,62,80,63,80,60,405,67.5
154,,Meganium,80,82,100,83,100,80,525,87.5
155,,Cyndaquil,39,52,43,60,50,65,309,51.5
156,,Quilava,58,64,58,80,65,80,405,67.5
157,,Typhlosion,78,84,78,109,85,100,534,89
157,,Typhlosion (Hisuian Typhlosion),73,84,78,119,85,95,534,89
158,,Totodile,50,65,64,44,48,43,314,52.33.00
159,,Croconaw,65,80,80,59,63,58,405,67.5
160,,Feraligatr,85,105,100,79,83,78,530,88.33.00
161,,Sentret,35,46,34,35,45,20,215,36.23.00
162,,Furret,85,76,64,45,55,90,415,69.17.00
163,,Hoothoot,60,30,30,36,56,50,262,44.07.00
164,,Noctowl,100,50,50,86,96,70,452,75.33.00
165,,Ledyba,40,20,30,40,80,55,265,44.17.00
166,,Ledian,55,35,50,55,110,85,390,65
167,,Spinarak,40,60,40,40,40,30,250,42.07.00
168,,Ariados,70,90,70,60,70,40,400,67.07.00
169,,Crobat,85,90,80,70,80,130,535,89.17.00
170,,Chinchou,75,38,38,56,56,67,330,55
171,,Lanturn,125,58,58,76,76,67,460,77.07.00
172,,Pichu,20,40,15,35,35,60,205,34.17.00
173,,Cleffa,50,25,28,45,55,15,218,36.33.00
174,,Igglybuff,90,30,15,40,20,15,210,35
175,,Togepi,35,20,65,40,65,20,245,41.23.00
176,,Togetic,55,40,85,80,105,40,405,67.5
177,,Natu,40,50,45,70,45,70,320,53.33.00
178,,Xatu,65,75,70,95,70,95,470,78.33.00
179,,Mareep,55,40,40,65,45,35,280,47.07.00
180,,Flaaffy,70,55,55,80,60,45,365,61.23.00
181,,Ampharos,90,75,85,115,90,55,510,85
181,,Ampharos (Mega Ampharos),90,95,105,165,110,45,610,102.07.00
182,,Bellossom,75,80,95,90,100,50,490,82.07.00
183,,Marill,70,20,50,20,50,40,250,42.07.00
184,,Azumarill,100,50,80,60,80,50,420,70
185,,Sudowoodo,70,100,115,30,65,30,410,68.33.00
186,,Politoed,90,75,75,90,100,70,500,83.33.00
187,,Hoppip,35,35,40,35,55,50,250,42.07.00
188,,Skiploom,55,45,50,45,65,80,340,57.07.00
189,,Jumpluff,75,55,70,55,95,110,460,77.07.00
190,,Aipom,55,70,55,40,55,85,360,60
191,,Sunkern,30,30,30,30,30,30,180,30
192,,Sunflora,75,75,55,105,85,30,425,71.23.00
193,,Yanma,65,65,45,75,45,95,390,65
194,,Wooper,55,45,45,25,25,15,210,35
194,,Wooper (Paldean Wooper),55,45,45,25,25,15,210,35
195,,Quagsire,95,85,85,65,65,35,430,72.07.00
196,,Espeon,65,65,60,130,95,110,525,87.5
197,,Umbreon,95,65,110,60,130,65,525,87.5
198,,Murkrow,60,85,42,85,42,91,405,67.5
199,,Slowking,95,75,80,100,110,30,490,82.07.00
199,,Slowking (Galarian Slowking),95,65,80,110,110,30,490,82.07.00
200,,Misdreavus,60,60,60,85,85,85,435,72.5
201,,Unown,48,72,48,72,48,48,336,56
202,,Wobbuffet,190,33,58,33,58,33,405,67.5
203,,Girafarig,70,80,65,90,65,85,455,76.23.00
204,,Pineco,50,65,90,35,35,15,290,48.33.00
205,,Forretress,75,90,140,60,60,40,465,77.5
206,,Dunsparce,100,70,70,65,65,45,415,69.17.00
207,,Gligar,65,75,105,35,65,85,430,72.07.00
208,,Steelix,75,85,200,55,65,30,510,85
208,,Steelix (Mega Steelix),75,125,230,55,95,30,610,102.07.00
209,,Snubbull,60,80,50,40,40,30,300,50
210,,Granbull,90,120,75,60,60,45,450,75
211,,Qwilfish,65,95,85,55,55,85,440,73.33.00
211,,Qwilfish (Hisuian Qwilfish),65,95,85,55,55,85,440,73.33.00
212,,Scizor,70,130,100,55,80,65,500,83.33.00
212,,Scizor (Mega Scizor),70,150,140,65,100,75,600,100
213,,Shuckle,20,10,230,10,230,5,505,84.17.00
214,,Heracross,80,125,75,40,95,85,500,83.33.00
214,,Heracross (Mega Heracross),80,185,115,40,105,75,600,100
215,,Sneasel,55,95,55,35,75,115,430,72.07.00
215,,Sneasel (Hisuian Sneasel),55,95,55,35,75,115,430,72.07.00
216,,Teddiursa,60,80,50,50,50,40,330,55
217,,Ursaring,90,130,75,75,75,55,500,83.33.00
218,,Slugma,40,40,40,70,40,20,250,42.07.00
219,,Magcargo,60,50,120,90,80,30,430,72.07.00
220,,Swinub,50,50,40,30,30,50,250,42.07.00
221,,Piloswine,100,100,80,60,60,50,450,75
222,,Corsola,65,55,95,65,95,35,410,68.33.00
222,,Corsola (Galarian Corsola),60,55,100,65,100,30,410,68.33.00
223,,Remoraid,35,65,35,65,35,65,300,50
224,,Octillery,75,105,75,105,75,45,480,80
225,,Delibird,45,55,45,65,45,75,330,55
226,,Mantine,85,40,70,80,140,70,485,81.23.00
227,,Skarmory,65,80,140,40,70,70,465,77.5
228,,Houndour,45,60,30,80,50,65,330,55
229,,Houndoom,75,90,50,110,80,95,500,83.33.00
229,,Houndoom (Mega Houndoom),75,90,90,140,90,115,600,100
230,,Kingdra,75,95,95,95,95,85,540,90
231,,Phanpy,90,60,60,40,40,40,330,55
232,,Donphan,90,120,120,60,60,50,500,83.33.00
233,,Porygon2,85,80,90,105,95,60,515,86.23.00
234,,Stantler,73,95,62,85,65,85,465,77.5
235,,Smeargle,55,20,35,20,45,75,250,42.07.00
236,,Tyrogue,35,35,35,35,35,35,210,35
237,,Hitmontop,50,95,95,35,110,70,455,76.23.00
238,,Smoochum,45,30,15,85,65,65,305,51.23.00
239,,Elekid,45,63,37,65,55,95,360,60
240,,Magby,45,75,37,70,55,83,365,61.23.00
241,,Miltank,95,80,105,40,70,100,490,82.07.00
242,,Blissey,255,10,10,75,135,55,540,90
243,,Raikou,90,85,75,115,100,115,580,97.07.00
244,,Entei,115,115,85,90,75,100,580,97.07.00
245,,Suicune,100,75,115,90,115,85,580,97.07.00
246,,Larvitar,50,64,50,45,50,41,300,50
247,,Pupitar,70,84,70,65,70,51,410,68.33.00
248,,Tyranitar,100,134,110,95,100,61,600,100
248,,Tyranitar (Mega Tyranitar),100,164,150,95,120,71,700,117.07.00
249,,Lugia,106,90,130,90,154,110,680,113.33.00
250,,Ho-Oh,106,130,90,110,154,90,680,113.33.00
251,,Celebi,100,100,100,100,100,100,600,100
252,,Treecko,40,45,35,65,55,70,310,52.07.00
253,,Grovyle,50,65,45,85,65,95,405,67.5
254,,Sceptile,70,85,65,105,85,120,530,88.33.00
254,,Sceptile (Mega Sceptile),70,110,75,145,85,145,630,105
255,,Torchic,45,60,40,70,50,45,310,52.07.00
256,,Combusken,60,85,60,85,60,55,405,67.5
257,,Blaziken,80,120,70,110,70,80,530,88.33.00
257,,Blaziken (Mega Blaziken),80,160,80,130,80,100,630,105
258,,Mudkip,50,70,50,50,50,40,310,52.07.00
259,,Marshtomp,70,85,70,60,70,50,405,67.5
260,,Swampert,100,110,90,85,90,60,535,89.17.00
260,,Swampert (Mega Swampert),100,150,110,95,110,70,635,106.23.00
261,,Poochyena,35,55,35,30,30,35,220,37.07.00
262,,Mightyena,70,90,70,60,60,70,420,70
263,,Zigzagoon,38,30,41,30,41,60,240,40
263,,Zigzagoon (Galarian Zigzagoon),38,30,41,30,41,60,240,40
264,,Linoone,78,70,61,50,61,100,420,70
264,,Linoone (Galarian Linoone),78,70,61,50,61,100,420,70
265,,Wurmple,45,45,35,20,30,20,195,32.5
266,,Silcoon,50,35,55,25,25,15,205,34.17.00
267,,Beautifly,60,70,50,100,50,65,395,66.23.00
268,,Cascoon,50,35,55,25,25,15,205,34.17.00
269,,Dustox,60,50,70,50,90,65,385,64.17.00
270,,Lotad,40,30,30,40,50,30,220,37.07.00
271,,Lombre,60,50,50,60,70,50,340,57.07.00
272,,Ludicolo,80,70,70,90,100,70,480,80
273,,Seedot,40,40,50,30,30,30,220,37.07.00
274,,Nuzleaf,70,70,40,60,40,60,340,57.07.00
275,,Shiftry,90,100,60,90,60,80,480,80
276,,Taillow,40,55,30,30,30,85,270,45
277,,Swellow,60,85,60,75,50,125,455,76.23.00
278,,Wingull,40,30,30,55,30,85,270,45
279,,Pelipper,60,50,100,95,70,65,440,73.33.00
280,,Ralts,28,25,25,45,35,40,198,33
281,,Kirlia,38,35,35,65,55,50,278,46.33.00
282,,Gardevoir,68,65,65,125,115,80,518,86.33.00
282,,Gardevoir (Mega Gardevoir),68,85,65,165,135,100,618,103
283,,Surskit,40,30,32,50,52,65,269,45.23.00
284,,Masquerain,70,60,62,100,82,80,454,76.07.00
285,,Shroomish,60,40,60,40,60,35,295,49.17.00
286,,Breloom,60,130,80,60,60,70,460,77.07.00
287,,Slakoth,60,60,60,35,35,30,280,47.07.00
288,,Vigoroth,80,80,80,55,55,90,440,73.33.00
289,,Slaking,150,160,100,95,65,100,670,112.07.00
290,,Nincada,31,45,90,30,30,40,266,44.33.00
291,,Ninjask,61,90,45,50,50,160,456,76
292,,Shedinja,1,90,45,30,30,40,236,39.33.00
293,,Whismur,64,51,23,51,23,28,240,40
294,,Loudred,84,71,43,71,43,48,360,60
295,,Exploud,104,91,63,91,73,68,490,82.07.00
296,,Makuhita,72,60,30,20,30,25,237,39.5
297,,Hariyama,144,120,60,40,60,50,474,79
298,,Azurill,50,20,40,20,40,20,190,32.07.00
299,,Nosepass,30,45,135,45,90,30,375,62.5
300,,Skitty,50,45,45,35,35,50,260,43.33.00
301,,Delcatty,70,65,65,55,55,90,400,67.07.00
302,,Sableye,50,75,75,65,65,50,380,63.33.00
302,,Sableye (Mega Sableye),50,85,125,85,115,20,480,80
303,,Mawile,50,85,85,55,55,50,380,63.33.00
303,,Mawile (Mega Mawile),50,105,125,55,95,50,480,80
304,,Aron,50,70,100,40,40,30,330,55
305,,Lairon,60,90,140,50,50,40,430,72.07.00
306,,Aggron,70,110,180,60,60,50,530,88.33.00
306,,Aggron (Mega Aggron),70,140,230,60,80,50,630,105
307,,Meditite,30,40,55,40,55,60,280,47.07.00
308,,Medicham,60,60,75,60,75,80,410,68.33.00
308,,Medicham (Mega Medicham),60,100,85,80,85,100,510,85
309,,Electrike,40,45,40,65,40,65,295,49.17.00
310,,Manectric,70,75,60,105,60,105,475,79.17.00
310,,Manectric (Mega Manectric),70,75,80,135,80,135,575,96.23.00
311,,Plusle,60,50,40,85,75,95,405,67.5
312,,Minun,60,40,50,75,85,95,405,67.5
313,,Volbeat,65,73,75,47,85,85,430,72.07.00
314,,Illumise,65,47,75,73,85,85,430,72.07.00
315,,Roselia,50,60,45,100,80,65,400,67.07.00
316,,Gulpin,70,43,53,43,53,40,302,50.33.00
317,,Swalot,100,73,83,73,83,55,467,78.23.00
318,,Carvanha,45,90,20,65,20,65,305,51.23.00
319,,Sharpedo,70,120,40,95,40,95,460,77.07.00
319,,Sharpedo (Mega Sharpedo),70,140,70,110,65,105,560,93.33.00
320,,Wailmer,130,70,35,70,35,60,400,67.07.00
321,,Wailord,170,90,45,90,45,60,500,83.33.00
322,,Numel,60,60,40,65,45,35,305,51.23.00
323,,Camerupt,70,100,70,105,75,40,460,77.07.00
323,,Camerupt (Mega Camerupt),70,120,100,145,105,20,560,93.33.00
324,,Torkoal,70,85,140,85,70,20,470,78.33.00
325,,Spoink,60,25,35,70,80,60,330,55
326,,Grumpig,80,45,65,90,110,80,470,78.33.00
327,,Spinda,60,60,60,60,60,60,360,60
328,,Trapinch,45,100,45,45,45,10,290,48.33.00
329,,Vibrava,50,70,50,50,50,70,340,57.07.00
330,,Flygon,80,100,80,80,80,100,520,87.07.00
331,,Cacnea,50,85,40,85,40,35,335,56.23.00
332,,Cacturne,70,115,60,115,60,55,475,79.17.00
333,,Swablu,45,40,60,40,75,50,310,52.07.00
334,,Altaria,75,70,90,70,105,80,490,82.07.00
334,,Altaria (Mega Altaria),75,110,110,110,105,80,590,98.33.00
335,,Zangoose,73,115,60,60,60,90,458,76.33.00
336,,Seviper,73,100,60,100,60,65,458,76.33.00
337,,Lunatone,90,55,65,95,85,70,460,77.07.00
338,,Solrock,90,95,85,55,65,70,460,77.07.00
339,,Barboach,50,48,43,46,41,60,288,48
340,,Whiscash,110,78,73,76,71,60,468,78
341,,Corphish,43,80,65,50,35,35,308,51.33.00
342,,Crawdaunt,63,120,85,90,55,55,468,78
343,,Baltoy,40,40,55,40,70,55,300,50
344,,Claydol,60,70,105,70,120,75,500,83.33.00
345,,Lileep,66,41,77,61,87,23,355,59.17.00
346,,Cradily,86,81,97,81,107,43,495,82.5
347,,Anorith,45,95,50,40,50,75,355,59.17.00
348,,Armaldo,75,125,100,70,80,45,495,82.5
349,,Feebas,20,15,20,10,55,80,200,33.33.00
350,,Milotic,95,60,79,100,125,81,540,90
351,,Castform,70,70,70,70,70,70,420,70
352,,Kecleon,60,90,70,60,120,40,440,73.33.00
353,,Shuppet,44,75,35,63,33,45,295,49.17.00
354,,Banette,64,115,65,83,63,65,455,76.23.00
354,,Banette (Mega Banette),64,165,75,93,83,75,555,92.5
355,,Duskull,20,40,90,30,90,25,295,49.17.00
356,,Dusclops,40,70,130,60,130,25,455,76.23.00
357,,Tropius,99,68,83,72,87,51,460,77.07.00
358,,Chimecho,75,50,80,95,90,65,455,76.23.00
359,,Absol,65,130,60,75,60,75,465,77.5
359,,Absol (Mega Absol),65,150,60,115,60,115,565,94.17.00
360,,Wynaut,95,23,48,23,48,23,260,43.33.00
361,,Snorunt,50,50,50,50,50,50,300,50
362,,Glalie,80,80,80,80,80,80,480,80
362,,Glalie (Mega Glalie),80,120,80,120,80,100,580,97.07.00
363,,Spheal,70,40,50,55,50,25,290,48.33.00
364,,Sealeo,90,60,70,75,70,45,410,68.33.00
365,,Walrein,110,80,90,95,90,65,530,88.33.00
366,,Clamperl,35,64,85,74,55,32,345,57.5
367,,Huntail,55,104,105,94,75,52,485,81.23.00
368,,Gorebyss,55,84,105,114,75,52,485,81.23.00
369,,Relicanth,100,90,130,45,65,55,485,81.23.00
370,,Luvdisc,43,30,55,40,65,97,330,55
371,,Bagon,45,75,60,40,30,50,300,50
372,,Shelgon,65,95,100,60,50,50,420,70
373,,Salamence,95,135,80,110,80,100,600,100
373,,Salamence (Mega Salamence),95,145,130,120,90,120,700,117.07.00
374,,Beldum,40,55,80,35,60,30,300,50
375,,Metang,60,75,100,55,80,50,420,70
376,,Metagross,80,135,130,95,90,70,600,100
376,,Metagross (Mega Metagross),80,145,150,105,110,110,700,117.07.00
377,,Regirock,80,100,200,50,100,50,580,97.07.00
378,,Regice,80,50,100,100,200,50,580,97.07.00
379,,Registeel,80,75,150,75,150,50,580,97.07.00
380,,Latias,80,80,90,110,130,110,600,100
380,,Latias (Mega Latias),80,100,120,140,150,110,700,117.07.00
381,,Latios,80,90,80,130,110,110,600,100
381,,Latios (Mega Latios),80,130,100,160,120,110,700,117.07.00
382,,Kyogre,100,100,90,150,140,90,670,112.07.00
382,,Kyogre (Primal Kyogre),100,150,90,180,160,90,770,128.33.00
383,,Groudon,100,150,140,100,90,90,670,112.07.00
383,,Groudon (Primal Groudon),100,180,160,150,90,90,770,128.33.00
384,,Rayquaza,105,150,90,150,90,95,680,113.33.00
384,,Rayquaza (Mega Rayquaza),105,180,100,180,100,115,780,130
385,,Jirachi,100,100,100,100,100,100,600,100
386,,Deoxys (Normal Forme),50,150,50,150,50,150,600,100
386,,Deoxys (Attack Forme),50,180,20,180,20,150,600,100
386,,Deoxys (Defense Forme),50,70,160,70,160,90,600,100
386,,Deoxys (Speed Forme),50,95,90,95,90,180,600,100
387,,Turtwig,55,68,64,45,55,31,318,53
388,,Grotle,75,89,85,55,65,36,405,67.5
389,,Torterra,95,109,105,75,85,56,525,87.5
390,,Chimchar,44,58,44,58,44,61,309,51.5
391,,Monferno,64,78,52,78,52,81,405,67.5
392,,Infernape,76,104,71,104,71,108,534,89
393,,Piplup,53,51,53,61,56,40,314,52.33.00
394,,Prinplup,64,66,68,81,76,50,405,67.5
395,,Empoleon,84,86,88,111,101,60,530,88.33.00
396,,Starly,40,55,30,30,30,60,245,41.23.00
397,,Staravia,55,75,50,40,40,80,340,57.07.00
398,,Staraptor,85,120,70,50,60,100,485,81.23.00
399,,Bidoof,59,45,40,35,40,31,250,42.07.00
400,,Bibarel,79,85,60,55,60,71,410,68.33.00
401,,Kricketot,37,25,41,25,41,25,194,32.33.00
402,,Kricketune,77,85,51,55,51,65,384,64
403,,Shinx,45,65,34,40,34,45,263,44.23.00
404,,Luxio,60,85,49,60,49,60,363,60.5
405,,Luxray,80,120,79,95,79,70,523,87.17.00
406,,Budew,40,30,35,50,70,55,280,47.07.00
407,,Roserade,60,70,65,125,105,90,515,86.23.00
408,,Cranidos,67,125,40,30,30,58,350,58.33.00
409,,Rampardos,97,165,60,65,50,58,495,82.5
410,,Shieldon,30,42,118,42,88,30,350,58.33.00
411,,Bastiodon,60,52,168,47,138,30,495,82.5
412,,Burmy,40,29,45,29,45,36,224,37.33.00
413,,Wormadam (Plant Cloak),60,59,85,79,105,36,424,71.07.00
413,,Wormadam (Sandy Cloak),60,79,105,59,85,36,424,71.07.00
413,,Wormadam (Trash Cloak),60,69,95,69,95,36,424,71.07.00
414,,Mothim,70,94,50,94,50,66,424,71.07.00
415,,Combee,30,30,42,30,42,70,244,41.07.00
416,,Vespiquen,70,80,102,80,102,40,474,79
417,,Pachirisu,60,45,70,45,90,95,405,67.5
418,,Buizel,55,65,35,60,30,85,330,55
419,,Floatzel,85,105,55,85,50,115,495,82.5
420,,Cherubi,45,35,45,62,53,35,275,46.23.00
421,,Cherrim,70,60,70,87,78,85,450,75
422,,Shellos,76,48,48,57,62,34,325,54.17.00
423,,Gastrodon,111,83,68,92,82,39,475,79.17.00
424,,Ambipom,75,100,66,60,66,115,482,80.33.00
425,,Drifloon,90,50,34,60,44,70,348,58
426,,Drifblim,150,80,44,90,54,80,498,83
427,,Buneary,55,66,44,44,56,85,350,58.33.00
428,,Lopunny,65,76,84,54,96,105,480,80
428,,Lopunny (Mega Lopunny),65,136,94,54,96,135,580,97.07.00
429,,Mismagius,60,60,60,105,105,105,495,82.5
430,,Honchkrow,100,125,52,105,52,71,505,84.17.00
431,,Glameow,49,55,42,42,37,85,310,52.07.00
432,,Purugly,71,82,64,64,59,112,452,75.33.00
433,,Chingling,45,30,50,65,50,45,285,47.5
434,,Stunky,63,63,47,41,41,74,329,55.23.00
435,,Skuntank,103,93,67,71,61,84,479,80.23.00
436,,Bronzor,57,24,86,24,86,23,300,50
437,,Bronzong,67,89,116,79,116,33,500,83.33.00
438,,Bonsly,50,80,95,10,45,10,290,48.33.00
439,,Mime Jr.,20,25,45,70,90,60,310,52.07.00
440,,Happiny,100,5,5,15,65,30,220,37.07.00
441,,Chatot,76,65,45,92,42,91,411,68.5
442,,Spiritomb,50,92,108,92,108,35,485,81.23.00
443,,Gible,58,70,45,40,45,42,300,50
444,,Gabite,68,90,65,50,55,82,410,68.33.00
445,,Garchomp,108,130,95,80,85,102,600,100
445,,Garchomp (Mega Garchomp),108,170,115,120,95,92,700,117.07.00
446,,Munchlax,135,85,40,40,85,5,390,65
447,,Riolu,40,70,40,35,40,60,285,47.5
448,,Lucario,70,110,70,115,70,90,525,87.5
448,,Lucario (Mega Lucario),70,145,88,140,70,112,625,104.17.00
449,,Hippopotas,68,72,78,38,42,32,330,55
450,,Hippowdon,108,112,118,68,72,47,525,87.5
451,,Skorupi,40,50,90,30,55,65,330,55
452,,Drapion,70,90,110,60,75,95,500,83.33.00
453,,Croagunk,48,61,40,61,40,50,300,50
454,,Toxicroak,83,106,65,86,65,85,490,82.07.00
455,,Carnivine,74,100,72,90,72,46,454,76.07.00
456,,Finneon,49,49,56,49,61,66,330,55
457,,Lumineon,69,69,76,69,86,91,460,77.07.00
458,,Mantyke,45,20,50,60,120,50,345,57.5
459,,Snover,60,62,50,62,60,40,334,56.07.00
460,,Abomasnow,90,92,75,92,85,60,494,82.33.00
460,,Abomasnow (Mega Abomasnow),90,132,105,132,105,30,594,99
461,,Weavile,70,120,65,45,85,125,510,85
462,,Magnezone,70,70,115,130,90,60,535,89.17.00
463,,Lickilicky,110,85,95,80,95,50,515,86.23.00
464,,Rhyperior,115,140,130,55,55,40,535,89.17.00
465,,Tangrowth,100,100,125,110,50,50,535,89.17.00
466,,Electivire,75,123,67,95,85,95,540,90
467,,Magmortar,75,95,67,125,95,83,540,90
468,,Togekiss,85,50,95,120,115,80,545,91.23.00
469,,Yanmega,86,76,86,116,56,95,515,86.23.00
470,,Leafeon,65,110,130,60,65,95,525,87.5
471,,Glaceon,65,60,110,130,95,65,525,87.5
472,,Gliscor,75,95,125,45,75,95,510,85
473,,Mamoswine,110,130,80,70,60,80,530,88.33.00
474,,Porygon-Z,85,80,70,135,75,90,535,89.17.00
475,,Gallade,68,125,65,65,115,80,518,86.33.00
475,,Gallade (Mega Gallade),68,165,95,65,115,110,618,103
476,,Probopass,60,55,145,75,150,40,525,87.5
477,,Dusknoir,45,100,135,65,135,45,525,87.5
478,,Froslass,70,80,70,80,70,110,480,80
479,,Rotom,50,50,77,95,77,91,440,73.33.00
479,,Rotom (Heat Rotom),50,65,107,105,107,86,520,87.07.00
479,,Rotom (Wash Rotom),50,65,107,105,107,86,520,87.07.00
479,,Rotom (Frost Rotom),50,65,107,105,107,86,520,87.07.00
479,,Rotom (Fan Rotom),50,65,107,105,107,86,520,87.07.00
479,,Rotom (Mow Rotom),50,65,107,105,107,86,520,87.07.00
480,,Uxie,75,75,130,75,130,95,580,97.07.00
481,,Mesprit,80,105,105,105,105,80,580,97.07.00
482,,Azelf,75,125,70,125,70,115,580,97.07.00
483,,Dialga,100,120,120,150,100,90,680,113.33.00
483,,Dialga (Origin Forme),100,100,120,150,120,90,680,113.33.00
484,,Palkia,90,120,100,150,120,100,680,113.33.00
484,,Palkia (Origin Forme),90,100,100,150,120,120,680,113.33.00
485,,Heatran,91,90,106,130,106,77,600,100
486,,Regigigas,110,160,110,80,110,100,670,112.07.00
487,,Giratina (Altered Forme),150,100,120,100,120,90,680,113.33.00
487,,Giratina (Origin Forme),150,120,100,120,100,90,680,113.33.00
488,,Cresselia,120,70,110,75,120,85,580,97.07.00
489,,Phione,80,80,80,80,80,80,480,80
490,,Manaphy,100,100,100,100,100,100,600,100
491,,Darkrai,70,90,90,135,90,125,600,100
492,,Shaymin (Land Forme),100,100,100,100,100,100,600,100
492,,Shaymin (Sky Forme),100,103,75,120,75,127,600,100
493,,Arceus,120,120,120,120,120,120,720,120
494,,Victini,100,100,100,100,100,100,600,100
495,,Snivy,45,45,55,45,55,63,308,51.33.00
496,,Servine,60,60,75,60,75,83,413,69.23.00
497,,Serperior,75,75,95,75,95,113,528,88
498,,Tepig,65,63,45,45,45,45,308,51.33.00
499,,Pignite,90,93,55,70,55,55,418,70.07.00
500,,Emboar,110,123,65,100,65,65,528,88
501,,Oshawott,55,55,45,63,45,45,308,51.33.00
502,,Dewott,75,75,60,83,60,60,413,69.23.00
503,,Samurott,95,100,85,108,70,70,528,88
503,,Samurott (Hisuian Samurott),90,108,80,100,65,85,528,88
504,,Patrat,45,55,39,35,39,42,255,42.5
505,,Watchog,60,85,69,60,69,77,420,70
506,,Lillipup,45,60,45,25,45,55,275,46.23.00
507,,Herdier,65,80,65,35,65,60,370,62.07.00
508,,Stoutland,85,110,90,45,90,80,500,83.33.00
509,,Purrloin,41,50,37,50,37,66,281,47.23.00
510,,Liepard,64,88,50,88,50,106,446,74.33.00
511,,Pansage,50,53,48,53,48,64,316,53.07.00
512,,Simisage,75,98,63,98,63,101,498,83
513,,Pansear,50,53,48,53,48,64,316,53.07.00
514,,Simisear,75,98,63,98,63,101,498,83
515,,Panpour,50,53,48,53,48,64,316,53.07.00
516,,Simipour,75,98,63,98,63,101,498,83
517,,Munna,76,25,45,67,55,24,292,49.07.00
518,,Musharna,116,55,85,107,95,29,487,81.17.00
519,,Pidove,50,55,50,36,30,43,264,44
520,,Tranquill,62,77,62,50,42,65,358,60.07.00
521,,Unfezant,80,115,80,65,55,93,488,81.33.00
522,,Blitzle,45,60,32,50,32,76,295,49.17.00
523,,Zebstrika,75,100,63,80,63,116,497,83.23.00
524,,Roggenrola,55,75,85,25,25,15,280,47.07.00
525,,Boldore,70,105,105,50,40,20,390,65
526,,Gigalith,85,135,130,60,80,25,515,86.23.00
527,,Woobat,65,45,43,55,43,72,323,54.23.00
528,,Swoobat,67,57,55,77,55,114,425,71.23.00
529,,Drilbur,60,85,40,30,45,68,328,55.07.00
530,,Excadrill,110,135,60,50,65,88,508,85.07.00
531,,Audino,103,60,86,60,86,50,445,74.17.00
531,,Audino (Mega Audino),103,60,126,80,126,50,545,91.23.00
532,,Timburr,75,80,55,25,35,35,305,51.23.00
533,,Gurdurr,85,105,85,40,50,40,405,67.5
534,,Conkeldurr,105,140,95,55,65,45,505,84.17.00
535,,Tympole,50,50,40,50,40,64,294,49
536,,Palpitoad,75,65,55,65,55,69,384,64
537,,Seismitoad,105,95,75,85,75,74,509,85.23.00
538,,Throh,120,100,85,30,85,45,465,77.5
539,,Sawk,75,125,75,30,75,85,465,77.5
540,,Sewaddle,45,53,70,40,60,42,310,52.07.00
541,,Swadloon,55,63,90,50,80,42,380,63.33.00
542,,Leavanny,75,103,80,70,80,92,500,83.33.00
543,,Venipede,30,45,59,30,39,57,260,43.33.00
544,,Whirlipede,40,55,99,40,79,47,360,60
545,,Scolipede,60,100,89,55,69,112,485,81.23.00
546,,Cottonee,40,27,60,37,50,66,280,47.07.00
547,,Whimsicott,60,67,85,77,75,116,480,80
548,,Petilil,45,35,50,70,50,30,280,47.07.00
549,,Lilligant,70,60,75,110,75,90,480,80
549,,Lilligant (Hisuian Lilligant),70,105,75,50,75,105,480,80
550,,Basculin,70,92,65,80,55,98,460,77.07.00
551,,Sandile,50,72,35,35,35,65,292,49.07.00
552,,Krokorok,60,82,45,45,45,74,351,58.5
553,,Krookodile,95,117,80,65,70,92,519,86.5
554,,Darumaka,70,90,45,15,45,50,315,52.5
554,,Darumaka (Galarian Darumaka),70,90,45,15,45,50,315,52.5
555,,Darmanitan (Standard Mode),105,140,55,30,55,95,480,80
555,,Darmanitan (Zen Mode),105,30,105,140,105,55,540,90
555,,Darmanitan (Galarian Standard Mode),105,140,55,30,55,95,480,80
555,,Darmanitan (Galarian Zen Mode),105,160,55,30,55,135,540,90
556,,Maractus,75,86,67,106,67,60,461,77.23.00
557,,Dwebble,50,65,85,35,35,55,325,54.17.00
558,,Crustle,70,105,125,65,75,45,485,81.23.00
559,,Scraggy,50,75,70,35,70,48,348,58
560,,Scrafty,65,90,115,45,115,58,488,81.33.00
561,,Sigilyph,72,58,80,103,80,97,490,82.07.00
562,,Yamask,38,30,85,55,65,30,303,50.5
562,,Yamask (Galarian Yamask),38,55,85,30,65,30,303,50.5
563,,Cofagrigus,58,50,145,95,105,30,483,80.5
564,,Tirtouga,54,78,103,53,45,22,355,59.17.00
565,,Carracosta,74,108,133,83,65,32,495,82.5
566,,Archen,55,112,45,74,45,70,401,67.23.00
567,,Archeops,75,140,65,112,65,110,567,94.5
568,,Trubbish,50,50,62,40,62,65,329,55.23.00
569,,Garbodor,80,95,82,60,82,75,474,79
570,,Zorua,40,65,40,80,40,65,330,55
570,,Zorua (Hisuian Zorua),35,60,40,85,40,70,330,55
571,,Zoroark,60,105,60,120,60,105,510,85
571,,Zoroark (Hisuian Zoroark),55,100,60,125,60,110,510,85
572,,Minccino,55,50,40,40,40,75,300,50
573,,Cinccino,75,95,60,65,60,115,470,78.33.00
574,,Gothita,45,30,50,55,65,45,290,48.33.00
575,,Gothorita,60,45,70,75,85,55,390,65
576,,Gothitelle,70,55,95,95,110,65,490,82.07.00
577,,Solosis,45,30,40,105,50,20,290,48.33.00
578,,Duosion,65,40,50,125,60,30,370,62.07.00
579,,Reuniclus,110,65,75,125,85,30,490,82.07.00
580,,Ducklett,62,44,50,44,50,55,305,51.23.00
581,,Swanna,75,87,63,87,63,98,473,79.23.00
582,,Vanillite,36,50,50,65,60,44,305,51.23.00
583,,Vanillish,51,65,65,80,75,59,395,66.23.00
584,,Vanilluxe,71,95,85,110,95,79,535,89.17.00
585,,Deerling,60,60,50,40,50,75,335,56.23.00
586,,Sawsbuck,80,100,70,60,70,95,475,79.17.00
587,,Emolga,55,75,60,75,60,103,428,71.33.00
588,,Karrablast,50,75,45,40,45,60,315,52.5
589,,Escavalier,70,135,105,60,105,20,495,82.5
590,,Foongus,69,55,45,55,55,15,294,49
591,,Amoonguss,114,85,70,85,80,30,464,77.33.00
592,,Frillish,55,40,50,65,85,40,335,56.23.00
593,,Jellicent,100,60,70,85,105,60,480,80
594,,Alomomola,165,75,80,40,45,65,470,78.33.00
595,,Joltik,50,47,50,57,50,65,319,53.17.00
596,,Galvantula,70,77,60,97,60,108,472,79.07.00
597,,Ferroseed,44,50,91,24,86,10,305,51.23.00
598,,Ferrothorn,74,94,131,54,116,20,489,81.5
599,,Klink,40,55,70,45,60,30,300,50
600,,Klang,60,80,95,70,85,50,440,73.33.00
601,,Klinklang,60,100,115,70,85,90,520,87.07.00
602,,Tynamo,35,55,40,45,40,60,275,46.23.00
603,,Eelektrik,65,85,70,75,70,40,405,67.5
604,,Eelektross,85,115,80,105,80,50,515,86.23.00
605,,Elgyem,55,55,55,85,55,30,335,56.23.00
606,,Beheeyem,75,75,75,125,95,40,485,81.23.00
607,,Litwick,50,30,55,65,55,20,275,46.23.00
608,,Lampent,60,40,60,95,60,55,370,62.07.00
609,,Chandelure,60,55,90,145,90,80,520,87.07.00
610,,Axew,46,87,60,30,40,57,320,53.33.00
611,,Fraxure,66,117,70,40,50,67,410,68.33.00
612,,Haxorus,76,147,90,60,70,97,540,90
613,,Cubchoo,55,70,40,60,40,40,305,51.23.00
614,,Beartic,95,130,80,70,80,50,505,84.17.00
615,,Cryogonal,80,50,50,95,135,105,515,86.23.00
616,,Shelmet,50,40,85,40,65,25,305,51.23.00
617,,Accelgor,80,70,40,100,60,145,495,82.5
618,,Stunfisk,109,66,84,81,99,32,471,78.5
618,,Stunfisk (Galarian Stunfisk),109,81,99,66,84,32,471,78.5
619,,Mienfoo,45,85,50,55,50,65,350,58.33.00
620,,Mienshao,65,125,60,95,60,105,510,85
621,,Druddigon,77,120,90,60,90,48,485,81.23.00
622,,Golett,59,74,50,35,50,35,303,50.5
623,,Golurk,89,124,80,55,80,55,483,80.5
624,,Pawniard,45,85,70,40,40,60,340,57.07.00
625,,Bisharp,65,125,100,60,70,70,490,82.07.00
626,,Bouffalant,95,110,95,40,95,55,490,82.07.00
627,,Rufflet,70,83,50,37,50,60,350,58.33.00
628,,Braviary,100,123,75,57,75,80,510,85
628,,Braviary (Hisuian Braviary),110,83,70,112,70,65,510,85
629,,Vullaby,70,55,75,45,65,60,370,62.07.00
630,,Mandibuzz,110,65,105,55,95,80,510,85
631,,Heatmor,85,97,66,105,66,65,484,81.07.00
632,,Durant,58,109,112,48,48,109,484,81.07.00
633,,Deino,52,65,50,45,50,38,300,50
634,,Zweilous,72,85,70,65,70,58,420,70
635,,Hydreigon,92,105,90,125,90,98,600,100
636,,Larvesta,55,85,55,50,55,60,360,60
637,,Volcarona,85,60,65,135,105,100,550,92.07.00
638,,Cobalion,91,90,129,90,72,108,580,97.07.00
639,,Terrakion,91,129,90,72,90,108,580,97.07.00
640,,Virizion,91,90,72,90,129,108,580,97.07.00
641,,Tornadus (Incarnate Forme),79,115,70,125,80,111,580,97.07.00
641,,Tornadus (Therian Forme),79,100,80,110,90,121,580,97.07.00
642,,Thundurus (Incarnate Forme),79,115,70,125,80,111,580,97.07.00
642,,Thundurus (Therian Forme),79,105,70,145,80,101,580,97.07.00
643,,Reshiram,100,120,100,150,120,90,680,113.33.00
644,,Zekrom,100,150,120,120,100,90,680,113.33.00
645,,Landorus (Incarnate Forme),89,125,90,115,80,101,600,100
645,,Landorus (Therian Forme),89,145,90,105,80,91,600,100
646,,Kyurem,125,130,90,130,90,95,660,110
646,,Kyurem (Black Kyurem),125,170,100,120,90,95,700,117.07.00
646,,Kyurem (White Kyurem),125,120,90,170,100,95,700,117.07.00
647,,Keldeo,91,72,90,129,90,108,580,97.07.00
648,,Meloetta (Aria Forme),100,77,77,128,128,90,600,100
648,,Meloetta (Pirouette Forme),100,128,90,77,77,128,600,100
649,,Genesect,71,120,95,120,95,99,600,100
650,,Chespin,56,61,65,48,45,38,313,52.17.00
651,,Quilladin,61,78,95,56,58,57,405,67.5
652,,Chesnaught,88,107,122,74,75,64,530,88.33.00
653,,Fennekin,40,45,40,62,60,60,307,51.17.00
654,,Braixen,59,59,58,90,70,73,409,68.17.00
655,,Delphox,75,69,72,114,100,104,534,89
656,,Froakie,41,56,40,62,44,71,314,52.33.00
657,,Frogadier,54,63,52,83,56,97,405,67.5
658,,Greninja,72,95,67,103,71,122,530,88.33.00
658,,Greninja (Ash-Greninja),72,145,67,153,71,132,640,107.07.00
659,,Bunnelby,38,36,38,32,36,57,237,39.5
660,,Diggersby,85,56,77,50,77,78,423,70.5
661,,Fletchling,45,50,43,40,38,62,278,46.33.00
662,,Fletchinder,62,73,55,56,52,84,382,64.07.00
663,,Talonflame,78,81,71,74,69,126,499,83.17.00
664,,Scatterbug,38,35,40,27,25,35,200,33.33.00
665,,Spewpa,45,22,60,27,30,29,213,35.5
666,,Vivillon,80,52,50,90,50,89,411,68.5
667,,Litleo,62,50,58,73,54,72,369,61.5
668,,Pyroar,86,68,72,109,66,106,507,84.5
669,,Flabébé,44,38,39,61,79,42,303,50.5
670,,Floette,54,45,47,75,98,52,371,62.23.00
671,,Florges,78,65,68,112,154,75,552,92
672,,Skiddo,66,65,48,62,57,52,350,58.33.00
673,,Gogoat,123,100,62,97,81,68,531,88.5
674,,Pancham,67,82,62,46,48,43,348,58
675,,Pangoro,95,124,78,69,71,58,495,82.5
676,,Furfrou,75,80,60,65,90,102,472,79.07.00
677,,Espurr,62,48,54,63,60,68,355,59.17.00
678,,Meowstic,74,48,76,83,81,104,466,78.07.00
679,,Honedge,45,80,100,35,37,28,325,54.17.00
680,,Doublade,59,110,150,45,49,35,448,75.07.00
681,,Aegislash (Shield Forme),60,50,140,50,140,60,500,83.33.00
681,,Aegislash (Blade Forme),60,140,50,140,50,60,500,83.33.00
682,,Spritzee,78,52,60,63,65,23,341,57.23.00
683,,Aromatisse,101,72,72,99,89,29,462,77
684,,Swirlix,62,48,66,59,57,49,341,57.23.00
685,,Slurpuff,82,80,86,85,75,72,480,80
686,,Inkay,53,54,53,37,46,45,288,48
687,,Malamar,86,92,88,68,75,73,482,80.33.00
688,,Binacle,42,52,67,39,56,50,306,51
689,,Barbaracle,72,105,115,54,86,68,500,83.33.00
690,,Skrelp,50,60,60,60,60,30,320,53.33.00
691,,Dragalge,65,75,90,97,123,44,494,82.33.00
692,,Clauncher,50,53,62,58,63,44,330,55
693,,Clawitzer,71,73,88,120,89,59,500,83.33.00
694,,Helioptile,44,38,33,61,43,70,289,48.17.00
695,,Heliolisk,62,55,52,109,94,109,481,80.17.00
696,,Tyrunt,58,89,77,45,45,48,362,60.33.00
697,,Tyrantrum,82,121,119,69,59,71,521,87.23.00
698,,Amaura,77,59,50,67,63,46,362,60.33.00
699,,Aurorus,123,77,72,99,92,58,521,87.23.00
700,,Sylveon,95,65,65,110,130,60,525,87.5
701,,Hawlucha,78,92,75,74,63,118,500,83.33.00
702,,Dedenne,67,58,57,81,67,101,431,72.23.00
703,,Carbink,50,50,150,50,150,50,500,83.33.00
704,,Goomy,45,50,35,55,75,40,300,50
705,,Sliggoo,68,75,53,83,113,60,452,75.33.00
705,,Sliggoo (Hisuian Sliggoo),58,75,83,83,113,40,452,75.33.00
706,,Goodra,90,100,70,110,150,80,600,100
706,,Goodra (Hisuian Goodra),80,100,100,110,150,60,600,100
707,,Klefki,57,80,91,80,87,75,470,78.33.00
708,,Phantump,43,70,48,50,60,38,309,51.5
709,,Trevenant,85,110,76,65,82,56,474,79
710,,Pumpkaboo (Small Size),44,66,70,44,55,56,335,56.23.00
710,,Pumpkaboo (Average Size),49,66,70,44,55,51,335,56.23.00
710,,Pumpkaboo (Large Size),54,66,70,44,55,46,335,56.23.00
710,,Pumpkaboo (Super Size),59,66,70,44,55,41,335,56.23.00
711,,Gourgeist (Small Size),55,85,122,58,75,99,494,82.33.00
711,,Gourgeist (Average Size),65,90,122,58,75,84,494,82.33.00
711,,Gourgeist (Large Size),75,95,122,58,75,69,494,82.33.00
711,,Gourgeist (Super Size),85,100,122,58,75,54,494,82.33.00
712,,Bergmite,55,69,85,32,35,28,304,51.07.00
713,,Avalugg,95,117,184,44,46,28,514,86.07.00
713,,Avalugg (Hisuian Avalugg),95,127,184,34,36,38,514,86.07.00
714,,Noibat,40,30,35,45,40,55,245,41.23.00
715,,Noivern,85,70,80,97,80,123,535,89.17.00
716,,Xerneas,126,131,95,131,98,99,680,113.33.00
717,,Yveltal,126,131,95,131,98,99,680,113.33.00
718,,Zygarde (50% Forme),108,100,121,81,95,95,600,100
718,,Zygarde (10% Forme),54,100,71,61,85,115,486,81
718,,Zygarde (Complete Forme),216,100,121,91,95,85,708,118
719,,Diancie,50,100,150,100,150,50,600,100
719,,Diancie (Mega Diancie),50,160,110,160,110,110,700,117.07.00
720,,Hoopa (Hoopa Confined),80,110,60,150,130,70,600,100
720,,Hoopa (Hoopa Unbound),80,160,60,170,130,80,680,113.33.00
721,,Volcanion,80,110,120,130,90,70,600,100
722,,Rowlet,68,55,55,50,50,42,320,53.33.00
723,,Dartrix,78,75,75,70,70,52,420,70
724,,Decidueye,78,107,75,100,100,70,530,88.33.00
724,,Decidueye (Hisuian Decidueye),88,112,80,95,95,60,530,88.33.00
725,,Litten,45,65,40,60,40,70,320,53.33.00
726,,Torracat,65,85,50,80,50,90,420,70
727,,Incineroar,95,115,90,80,90,60,530,88.33.00
728,,Popplio,50,54,54,66,56,40,320,53.33.00
729,,Brionne,60,69,69,91,81,50,420,70
730,,Primarina,80,74,74,126,116,60,530,88.33.00
731,,Pikipek,35,75,30,30,30,65,265,44.17.00
732,,Trumbeak,55,85,50,40,50,75,355,59.17.00
733,,Toucannon,80,120,75,75,75,60,485,81.23.00
734,,Yungoos,48,70,30,30,30,45,253,42.17.00
735,,Gumshoos,88,110,60,55,60,45,418,70.07.00
736,,Grubbin,47,62,45,55,45,46,300,50
737,,Charjabug,57,82,95,55,75,36,400,67.07.00
738,,Vikavolt,77,70,90,145,75,43,500,83.33.00
739,,Crabrawler,47,82,57,42,47,63,338,56.33.00
740,,Crabominable,97,132,77,62,67,43,478,80.07.00
741,,Oricorio,75,70,70,98,70,93,476,79.33.00
742,,Cutiefly,40,45,40,55,40,84,304,51.07.00
743,,Ribombee,60,55,60,95,70,124,464,77.33.00
744,,Rockruff,45,65,40,30,40,60,280,47.07.00
745,,Lycanroc (Midday Form),75,115,65,55,65,112,487,81.17.00
745,,Lycanroc (Midnight Form),85,115,75,55,75,82,487,81.17.00
745,,Lycanroc (Dusk Form),75,117,65,55,65,110,487,81.17.00
746,,Wishiwashi (Solo Form),45,20,20,25,25,40,175,29.17.00
746,,Wishiwashi (School Form),45,140,130,140,135,30,620,103.33.00
747,,Mareanie,50,53,62,43,52,45,305,51.23.00
748,,Toxapex,50,63,152,53,142,35,495,82.5
749,,Mudbray,70,100,70,45,55,45,385,64.17.00
750,,Mudsdale,100,125,100,55,85,35,500,83.33.00
751,,Dewpider,38,40,52,40,72,27,269,45.23.00
752,,Araquanid,68,70,92,50,132,42,454,76.07.00
753,,Fomantis,40,55,35,50,35,35,250,42.07.00
754,,Lurantis,70,105,90,80,90,45,480,80
755,,Morelull,40,35,55,65,75,15,285,47.5
756,,Shiinotic,60,45,80,90,100,30,405,67.5
757,,Salandit,48,44,40,71,40,77,320,53.33.00
758,,Salazzle,68,64,60,111,60,117,480,80
759,,Stufful,70,75,50,45,50,50,340,57.07.00
760,,Bewear,120,125,80,55,60,60,500,83.33.00
761,,Bounsweet,42,30,38,30,38,32,210,35
762,,Steenee,52,40,48,40,48,62,290,48.33.00
763,,Tsareena,72,120,98,50,98,72,510,85
764,,Comfey,51,52,90,82,110,100,485,81.23.00
765,,Oranguru,90,60,80,90,110,60,490,82.07.00
766,,Passimian,100,120,90,40,60,80,490,82.07.00
767,,Wimpod,25,35,40,20,30,80,230,38.33.00
768,,Golisopod,75,125,140,60,90,40,530,88.33.00
769,,Sandygast,55,55,80,70,45,15,320,53.33.00
770,,Palossand,85,75,110,100,75,35,480,80
771,,Pyukumuku,55,60,130,30,130,5,410,68.33.00
772,,Type: Null,95,95,95,95,95,59,534,89
773,,Silvally,95,95,95,95,95,95,570,95
774,,Minior (Meteor Form),60,60,100,60,100,60,440,73.33.00
774,,Minior (Core),60,100,60,100,60,120,500,83.33.00
775,,Komala,65,115,65,75,95,65,480,80
776,,Turtonator,60,78,135,91,85,36,485,81.23.00
777,,Togedemaru,65,98,63,40,73,96,435,72.5
778,,Mimikyu,55,90,80,50,105,96,476,79.33.00
779,,Bruxish,68,105,70,70,70,92,475,79.17.00
780,,Drampa,78,60,85,135,91,36,485,81.23.00
781,,Dhelmise,70,131,100,86,90,40,517,86.17.00
782,,Jangmo-o,45,55,65,45,45,45,300,50
783,,Hakamo-o,55,75,90,65,70,65,420,70
784,,Kommo-o,75,110,125,100,105,85,600,100
785,,Tapu Koko,70,115,85,95,75,130,570,95
786,,Tapu Lele,70,85,75,130,115,95,570,95
787,,Tapu Bulu,70,130,115,85,95,75,570,95
788,,Tapu Fini,70,75,115,95,130,85,570,95
789,,Cosmog,43,29,31,29,31,37,200,33.33.00
790,,Cosmoem,43,29,131,29,131,37,400,67.07.00
791,,Solgaleo,137,137,107,113,89,97,680,113.33.00
792,,Lunala,137,113,89,137,107,97,680,113.33.00
793,,Nihilego,109,53,47,127,131,103,570,95
794,,Buzzwole,107,139,139,53,53,79,570,95
795,,Pheromosa,71,137,37,137,37,151,570,95
796,,Xurkitree,83,89,71,173,71,83,570,95
797,,Celesteela,97,101,103,107,101,61,570,95
798,,Kartana,59,181,131,59,31,109,570,95
799,,Guzzlord,223,101,53,97,53,43,570,95
800,,Necrozma,97,107,101,127,89,79,600,100
800,,Necrozma (Dusk Mane Necrozma),97,157,127,113,109,77,680,113.33.00
800,,Necrozma (Dawn Wings Necrozma),97,113,109,157,127,77,680,113.33.00
800,,Necrozma (Ultra Necrozma),97,167,97,167,97,129,754,126.07.00
801,,Magearna,80,95,115,130,115,65,600,100
802,,Marshadow,90,125,80,90,90,125,600,100
803,,Poipole,67,73,67,73,67,73,420,70
804,,Naganadel,73,73,73,127,73,121,540,90
805,,Stakataka,61,131,211,53,101,13,570,95
806,,Blacephalon,53,127,53,151,79,107,570,95
807,,Zeraora,88,112,75,102,80,143,600,100
808,,Meltan,46,65,65,55,35,34,300,50
809,,Melmetal,135,143,143,80,65,34,600,100
810,,Grookey,50,65,50,40,40,65,310,52.07.00
811,,Thwackey,70,85,70,55,60,80,420,70
812,,Rillaboom,100,125,90,60,70,85,530,88.33.00
813,,Scorbunny,50,71,40,40,40,69,310,52.07.00
814,,Raboot,65,86,60,55,60,94,420,70
815,,Cinderace,80,116,75,65,75,119,530,88.33.00
816,,Sobble,50,40,40,70,40,70,310,52.07.00
817,,Drizzile,65,60,55,95,55,90,420,70
818,,Inteleon,70,85,65,125,65,120,530,88.33.00
819,,Skwovet,70,55,55,35,35,25,275,46.23.00
820,,Greedent,120,95,95,55,75,20,460,77.07.00
821,,Rookidee,38,47,35,33,35,57,245,41.23.00
822,,Corvisquire,68,67,55,43,55,77,365,61.23.00
823,,Corviknight,98,87,105,53,85,67,495,82.5
824,,Blipbug,25,20,20,25,45,45,180,30
825,,Dottler,50,35,80,50,90,30,335,56.23.00
826,,Orbeetle,60,45,110,80,120,90,505,84.17.00
827,,Nickit,40,28,28,47,52,50,245,41.23.00
828,,Thievul,70,58,58,87,92,90,455,76.23.00
829,,Gossifleur,40,40,60,40,60,10,250,42.07.00
830,,Eldegoss,60,50,90,80,120,60,460,77.07.00
831,,Wooloo,42,40,55,40,45,48,270,45
832,,Dubwool,72,80,100,60,90,88,490,82.07.00
833,,Chewtle,50,64,50,38,38,44,284,47.33.00
834,,Drednaw,90,115,90,48,68,74,485,81.23.00
835,,Yamper,59,45,50,40,50,26,270,45
836,,Boltund,69,90,60,90,60,121,490,82.07.00
837,,Rolycoly,30,40,50,40,50,30,240,40
838,,Carkol,80,60,90,60,70,50,410,68.33.00
839,,Coalossal,110,80,120,80,90,30,510,85
840,,Applin,40,40,80,40,40,20,260,43.33.00
841,,Flapple,70,110,80,95,60,70,485,81.23.00
842,,Appletun,110,85,80,100,80,30,485,81.23.00
843,,Silicobra,52,57,75,35,50,46,315,52.5
844,,Sandaconda,72,107,125,65,70,71,510,85
845,,Cramorant,70,85,55,85,95,85,475,79.17.00
846,,Arrokuda,41,63,40,40,30,66,280,47.07.00
847,,Barraskewda,61,123,60,60,50,136,490,82.07.00
848,,Toxel,40,38,35,54,35,40,242,40.33.00
849,,Toxtricity,75,98,70,114,70,75,502,84.07.00
850,,Sizzlipede,50,65,45,50,50,45,305,51.23.00
851,,Centiskorch,100,115,65,90,90,65,525,87.5
852,,Clobbopus,50,68,60,50,50,32,310,52.07.00
853,,Grapploct,80,118,90,70,80,42,480,80
854,,Sinistea,40,45,45,74,54,50,308,51.33.00
855,,Polteageist,60,65,65,134,114,70,508,85.07.00
856,,Hatenna,42,30,45,56,53,39,265,44.17.00
857,,Hattrem,57,40,65,86,73,49,370,62.07.00
858,,Hatterene,57,90,95,136,103,29,510,85
859,,Impidimp,45,45,30,55,40,50,265,44.17.00
860,,Morgrem,65,60,45,75,55,70,370,62.07.00
861,,Grimmsnarl,95,120,65,95,75,60,510,85
862,,Obstagoon,93,90,101,60,81,95,520,87.07.00
863,,Perrserker,70,110,100,50,60,50,440,73.33.00
864,,Cursola,60,95,50,145,130,30,510,85
865,,Sirfetch'd,62,135,95,68,82,65,507,84.5
866,,Mr. Rime,80,85,75,110,100,70,520,87.07.00
867,,Runerigus,58,95,145,50,105,30,483,80.5
868,,Milcery,45,40,40,50,61,34,270,45
869,,Alcremie,65,60,75,110,121,64,495,82.5
870,,Falinks,65,100,100,70,60,75,470,78.33.00
871,,Pincurchin,48,101,95,91,85,15,435,72.5
872,,Snom,30,25,35,45,30,20,185,31.23.00
873,,Frosmoth,70,65,60,125,90,65,475,79.17.00
874,,Stonjourner,100,125,135,20,20,70,470,78.33.00
875,,Eiscue (Ice Face),75,80,110,65,90,50,470,78.33.00
875,,Eiscue (Noice Face),75,80,70,65,50,130,470,78.33.00
876,,Indeedee (Male),60,65,55,105,95,95,475,79.17.00
876,,Indeedee (Female),70,55,65,95,105,85,475,79.17.00
877,,Morpeko,58,95,58,70,58,97,436,73.07.00
878,,Cufant,72,80,49,40,49,40,330,55
879,,Copperajah,122,130,69,80,69,30,500,83.33.00
880,,Dracozolt,90,100,90,80,70,75,505,84.17.00
881,,Arctozolt,90,100,90,90,80,55,505,84.17.00
882,,Dracovish,90,90,100,70,80,75,505,84.17.00
883,,Arctovish,90,90,100,80,90,55,505,84.17.00
884,,Duraludon,70,95,115,120,50,85,535,89.17.00
885,,Dreepy,28,60,30,40,30,82,270,45
886,,Drakloak,68,80,50,60,50,102,410,68.33.00
887,,Dragapult,88,120,75,100,75,142,600,100
888,,Zacian (Hero of Many Battles),92,120,115,80,115,138,660,110
888,,Zacian (Crowned Sword),92,150,115,80,115,148,700,117.07.00
889,,Zamazenta (Hero of Many Battles),92,120,115,80,115,138,660,110
889,,Zamazenta (Crowned Shield),92,120,140,80,140,128,700,117.07.00
890,,Eternatus,140,85,95,145,95,130,690,115
890,,Eternatus (Eternamax Eternatus),255,115,250,125,250,130,1125,187.5
891,,Kubfu,60,90,60,53,50,72,385,64.17.00
892,,Urshifu,100,130,100,63,60,97,550,92.07.00
893,,Zarude,105,120,105,70,95,105,600,100
894,,Regieleki,80,100,50,100,50,200,580,97.07.00
895,,Regidrago,200,100,50,100,50,80,580,97.07.00
896,,Glastrier,100,145,130,65,110,30,580,97.07.00
897,,Spectrier,100,65,60,145,80,130,580,97.07.00
898,,Calyrex,100,80,80,80,80,80,500,83.33.00
898,,Calyrex (Ice Rider Calyrex),100,165,150,85,130,50,680,113.33.00
898,,Calyrex (Shadow Rider Calyrex),100,85,80,165,100,150,680,113.33.00
899,,Wyrdeer,103,105,72,105,75,65,525,87.5
900,,Kleavor,70,130,95,45,75,85,500,83.33.00
901,,Ursaluna,130,140,105,45,80,50,550,92.07.00
901,,Ursaluna (Bloodmoon Ursaluna),113,70,120,135,65,52,555,92.5
902,,Basculegion (Male),120,112,65,80,75,78,530,88.33.00
902,,Basculegion (Female),120,92,65,100,75,78,530,88.33.00
903,,Sneasler,80,130,60,40,80,120,510,85
904,,Overqwil,85,115,95,65,65,85,510,85
905,,Enamorus (Incarnate Forme),74,115,70,135,80,106,580,97.07.00
905,,Enamorus (Therian Forme),74,115,110,135,100,46,580,97.07.00
906,,Sprigatito,40,61,54,45,45,65,310,52.07.00
907,,Floragato,61,80,63,60,63,83,410,68.33.00
908,,Meowscarada,76,110,70,81,70,123,530,88.33.00
909,,Fuecoco,67,45,59,63,40,36,310,52.07.00
910,,Crocalor,81,55,78,90,58,49,411,68.5
911,,Skeledirge,104,75,100,110,75,66,530,88.33.00
912,,Quaxly,55,65,45,50,45,50,310,52.07.00
913,,Quaxwell,70,85,65,65,60,65,410,68.33.00
914,,Quaquaval,85,120,80,85,75,85,530,88.33.00
915,,Lechonk,54,45,40,35,45,35,254,42.33.00
916,,Oinkologne (Male),110,100,75,59,80,65,489,81.5
916,,Oinkologne (Female),115,90,70,59,90,65,489,81.5
917,,Tarountula,35,41,45,29,40,20,210,35
918,,Spidops,60,79,92,52,86,35,404,67.33.00
919,,Nymble,33,46,40,21,25,45,210,35
920,,Lokix,71,102,78,52,55,92,450,75
921,,Pawmi,45,50,20,40,25,60,240,40
922,,Pawmo,60,75,40,50,40,85,350,58.33.00
923,,Pawmot,70,115,70,70,60,105,490,82.07.00
924,,Tandemaus,50,50,45,40,45,75,305,51.23.00
925,,Maushold,74,75,70,65,75,111,470,78.33.00
926,,Fidough,37,55,70,30,55,65,312,52
927,,Dachsbun,57,80,115,50,80,95,477,79.5
928,,Smoliv,41,35,45,58,51,30,260,43.33.00
929,,Dolliv,52,53,60,78,78,33,354,59
930,,Arboliva,78,69,90,125,109,39,510,85
931,,Squawkabilly,82,96,51,45,51,92,417,69.5
932,,Nacli,55,55,75,35,35,25,280,47.07.00
933,,Naclstack,60,60,100,35,65,35,355,59.17.00
934,,Garganacl,100,100,130,45,90,35,500,83.33.00
935,,Charcadet,40,50,40,50,40,35,255,42.5
936,,Armarouge,85,60,100,125,80,75,525,87.5
937,,Ceruledge,75,125,80,60,100,85,525,87.5
938,,Tadbulb,61,31,41,59,35,45,272,45.33.00
939,,Bellibolt,109,64,91,103,83,45,495,82.5
940,,Wattrel,40,40,35,55,40,70,280,47.07.00
941,,Kilowattrel,70,70,60,105,60,125,490,82.07.00
942,,Maschiff,60,78,60,40,51,51,340,57.07.00
943,,Mabosstiff,80,120,90,60,70,85,505,84.17.00
944,,Shroodle,40,65,35,40,35,75,290,48.33.00
945,,Grafaiai,63,95,65,80,72,110,485,81.23.00
946,,Bramblin,40,65,30,45,35,60,275,46.23.00
947,,Brambleghast,55,115,70,80,70,90,480,80
948,,Toedscool,40,40,35,50,100,70,335,56.23.00
949,,Toedscruel,80,70,65,80,120,100,515,86.23.00
950,,Klawf,70,100,115,35,55,75,450,75
951,,Capsakid,50,62,40,62,40,50,304,51.07.00
952,,Scovillain,65,108,65,108,65,75,486,81
953,,Rellor,41,50,60,31,58,30,270,45
954,,Rabsca,75,50,85,115,100,45,470,78.33.00
955,,Flittle,30,35,30,55,30,75,255,42.5
956,,Espathra,95,60,60,101,60,105,481,80.17.00
957,,Tinkatink,50,45,45,35,64,58,297,49.5
958,,Tinkatuff,65,55,55,45,82,78,380,63.33.00
959,,Tinkaton,85,75,77,70,105,94,506,84.33.00
960,,Wiglett,10,55,25,35,25,95,245,41.23.00
961,,Wugtrio,35,100,50,50,70,120,425,71.23.00
962,,Bombirdier,70,103,85,60,85,82,485,81.23.00
963,,Finizen,70,45,40,45,40,75,315,52.5
964,,Palafin (Zero),100,70,72,53,62,100,457,76.17.00
964,,Palafin (Hero),100,160,97,106,87,100,650,108.33.00
965,,Varoom,45,70,63,30,45,47,300,50
966,,Revavroom,80,119,90,54,67,90,500,83.33.00
967,,Cyclizar,70,95,65,85,65,121,501,83.5
968,,Orthworm,70,85,145,60,55,65,480,80
969,,Glimmet,48,35,42,105,60,60,350,58.33.00
970,,Glimmora,83,55,90,130,81,86,525,87.5
971,,Greavard,50,61,60,30,55,34,290,48.33.00
972,,Houndstone,72,101,100,50,97,68,488,81.33.00
973,,Flamigo,82,115,74,75,64,90,500,83.33.00
974,,Cetoddle,108,68,45,30,40,43,334,56.07.00
975,,Cetitan,170,113,65,45,55,73,521,87.23.00
976,,Veluza,90,102,73,78,65,70,478,80.07.00
977,,Dondozo,150,100,115,65,65,35,530,88.33.00
978,,Tatsugiri,68,50,60,120,95,82,475,79.17.00
979,,Annihilape,110,115,80,50,90,90,535,89.17.00
980,,Clodsire,130,75,60,45,100,20,430,72.07.00
981,,Farigiraf,120,90,70,110,70,60,520,87.07.00
982,,Dudunsparce,125,100,80,85,75,55,520,87.07.00
983,,Kingambit,100,135,120,60,85,50,550,92.07.00
984,,Great Tusk,115,131,131,53,53,87,570,95
985,,Scream Tail,115,65,99,65,115,111,570,95
986,,Brute Bonnet,111,127,99,79,99,55,570,95
987,,Flutter Mane,55,55,55,135,135,135,570,95
988,,Slither Wing,85,135,79,85,105,81,570,95
989,,Sandy Shocks,85,81,97,121,85,101,570,95
990,,Iron Treads,90,112,120,72,70,106,570,95
991,,Iron Bundle,56,80,114,124,60,136,570,95
992,,Iron Hands,154,140,108,50,68,50,570,95
993,,Iron Jugulis,94,80,86,122,80,108,570,95
994,,Iron Moth,80,70,60,140,110,110,570,95
995,,Iron Thorns,100,134,110,70,84,72,570,95
996,,Frigibax,65,75,45,35,45,55,320,53.33.00
997,,Arctibax,90,95,66,45,65,62,423,70.5
998,,Baxcalibur,115,145,92,75,86,87,600,100
999,,Gimmighoul (Chest Form),45,30,70,75,70,10,300,50
999,,Gimmighoul (Roaming Form),45,30,25,75,45,80,300,50
1000,,Gholdengo,87,60,95,133,91,84,550,92.07.00
1001,,Wo-Chien,85,85,100,95,135,70,570,95
1002,,Chien-Pao,80,120,80,90,65,135,570,95
1003,,Ting-Lu,155,110,125,55,80,45,570,95
1004,,Chi-Yu,55,80,80,135,120,100,570,95
1005,,Roaring Moon,105,139,71,55,101,119,590,98.33.00
1006,,Iron Valiant,74,130,90,120,60,116,590,98.33.00
1007,,Koraidon,100,135,115,85,100,135,670,112.07.00
1008,,Miraidon,100,85,100,135,115,135,670,112.07.00
1009,,Walking Wake,99,83,91,125,83,109,590,98.33.00
1010,,Iron Leaves,90,130,88,70,108,104,590,98.33.00
1011,,Dipplin,80,80,110,95,80,40,485,81.23.00
1012,,Poltchageist,40,45,45,74,54,50,308,51.33.00
1013,,Sinistcha,71,60,106,121,80,70,508,85.07.00
1014,,Okidogi,88,128,115,58,86,80,555,92.5
1015,,Munkidori,88,75,66,130,90,106,555,92.5
1016,,Fezandipiti,88,91,82,70,125,99,555,92.5
1017,,Ogerpon,80,120,84,60,96,110,550,92.07.00
1018,,Archaludon,90,105,130,125,65,85,600,100
1019,,Hydrapple,106,80,110,120,80,44,540,90
1020,,Gouging Fire,105,115,121,65,93,91,590,98.33.00
1021,,Raging Bolt,125,73,91,137,89,75,590,98.33.00
1022,,Iron Boulder,90,120,80,68,108,124,590,98.33.00
1023,,Iron Crown,90,72,100,122,108,98,590,98.33.00
1024,,Terapagos (Normal Form),90,65,85,65,85,60,450,75
1024,,Terapagos (Terastal Form),95,95,110,105,110,85,600,100
1024,,Terapagos (Stellar Form),160,105,110,130,110,85,700,117.07.00
1025,,Pecharunt,88,88,160,88,88,88,600,100